{"id": "round-20240304-073306-46e65f8c", "user_query": "HI", "state": "finished", "post_list": [{"id": "post-20240304-073306-0ac5a58f", "message": "HI", "send_from": "User", "send_to": "Planner", "attachment_list": []}, {"id": "post-20240304-073306-af747f19", "message": "Hello! How can I assist you today?", "send_from": "Planner", "send_to": "User", "attachment_list": [{"id": "atta-20240304-073317-349cfc80", "type": "init_plan", "content": "1. Respond to the user's greeting", "extra": null}, {"id": "atta-20240304-073320-fa2ebbda", "type": "plan", "content": "1. Respond to the user's greeting", "extra": null}, {"id": "atta-20240304-073324-018e2d66", "type": "current_plan_step", "content": "1. Respond to the user's greeting", "extra": null}]}]}