{"id": "round-20240304-075112-ae5ab5f3", "user_query": "hi", "state": "finished", "post_list": [{"id": "post-20240304-075112-d2d3b203", "message": "hi", "send_from": "User", "send_to": "Planner", "attachment_list": []}, {"id": "post-20240304-075112-3c10d3ba", "message": "Hello! How can I assist you today?", "send_from": "Planner", "send_to": "User", "attachment_list": [{"id": "atta-20240304-075124-38a67d9c", "type": "init_plan", "content": "1. Respond to the user's greeting", "extra": null}, {"id": "atta-20240304-075127-a490426a", "type": "plan", "content": "1. Respond to the user's greeting", "extra": null}, {"id": "atta-20240304-075130-ec423da9", "type": "current_plan_step", "content": "1. Respond to the user's greeting", "extra": null}]}]}