{"id": "round-20240123-112334-94fbb479", "user_query": "Generate 50 random numbers.", "state": "failed", "post_list": [{"id": "post-20240123-112334-7185d497", "message": "Generate 50 random numbers.", "send_from": "User", "send_to": "Planner", "attachment_list": []}, {"id": "post-20240123-112334-06d06ee8", "message": "Please generate 50 random numbers", "send_from": "Planner", "send_to": "CodeInterpreter", "attachment_list": [{"id": "atta-20240123-112344-c0bbb051", "type": "init_plan", "content": "1. Generate 50 random numbers\n2. Report the generated numbers to the user <interactively depends on 1>", "extra": null}, {"id": "atta-20240123-112349-96c41681", "type": "plan", "content": "1. Instruct CodeInterpreter to generate 50 random numbers\n2. Report the generated numbers to the user", "extra": null}, {"id": "atta-20240123-112355-51c0b2c1", "type": "current_plan_step", "content": "1. Instruct CodeInterpreter to generate 50 random numbers", "extra": null}]}]}