{"id": "round-20240123-111451-bef37b56", "user_query": "Generate 50 random numbers", "state": "failed", "post_list": [{"id": "post-20240123-111451-21f6331b", "message": "Generate 50 random numbers", "send_from": "User", "send_to": "Planner", "attachment_list": []}, {"id": "post-20240123-111451-9cf7f723", "message": "Please generate 50 random numbers", "send_from": "Planner", "send_to": "CodeInterpreter", "attachment_list": [{"id": "atta-20240123-111501-684457e4", "type": "init_plan", "content": "1. Generate 50 random numbers\n2. Report the generated numbers to the user <interactively depends on 1>", "extra": null}, {"id": "atta-20240123-111508-508bdfb4", "type": "plan", "content": "1. Instruct CodeInterpreter to generate 50 random numbers\n2. Report the generated numbers to the user", "extra": null}, {"id": "atta-20240123-111515-4457ed04", "type": "current_plan_step", "content": "1. Instruct CodeInterpreter to generate 50 random numbers", "extra": null}]}]}