{"id": "round-20240304-075646-26685cfc", "user_query": "hi", "state": "finished", "post_list": [{"id": "post-20240304-075646-0392e59c", "message": "hi", "send_from": "User", "send_to": "Planner", "attachment_list": []}, {"id": "post-20240304-075646-ffabe4dc", "message": "Hello! How can I assist you today?", "send_from": "Planner", "send_to": "User", "attachment_list": [{"id": "atta-20240304-075656-9f467b4d", "type": "init_plan", "content": "1. Respond to the user's greeting", "extra": null}, {"id": "atta-20240304-075659-d007122c", "type": "plan", "content": "1. Respond to the user's greeting", "extra": null}, {"id": "atta-20240304-075705-47ba908d", "type": "current_plan_step", "content": "1. Respond to the user's greeting", "extra": null}]}]}